날짜,종가,시가,고가,저가,거래량,변동 %,기업명
2025-01-15,241.6571562143358,246.8134255503458,248.18843070661515,241.6571562143358,148550.0,-1.82,LG 에너지 솔루션
2025-01-15,37.47271636,37.67870785,37.83013205,37.4467969,6230000.0,-0.58,BYD
2025-01-15,428.22,409.9,429.8,405.66,81380000.0,8.04,테슬라
2025-01-15,9.950789288681536,9.969962293091328,10.046654310730492,9.890074774717199,4690000.0,0.61,파나소닉
2025-01-15,34.22323475,34.95034377,34.97762741,34.0595329,15060000.0,-2.08,CATL
2025-01-14,396.36,414.34,422.64,394.54,84570000.0,-1.72,테슬라
2025-01-14,9.79678399594834,9.875917953912383,9.907571537097999,9.657508229931627,7170000.0,-1.05,파나소닉
2025-01-14,245.51489548472045,240.02852910517362,246.88648707960715,240.02852910517362,287270.0,3.02,LG 에너지 솔루션
2025-01-14,37.68875066,36.33015509,37.80469507,36.28514138,12580000.0,3.87,BYD
2025-01-14,34.94700659,33.78892663,35.05613073,33.44791368,20250000.0,3.76,CATL
2025-01-13,36.27981833,35.87064744,36.61670236,35.76289911,6720000.0,-0.01,BYD
2025-01-13,403.31,383.21,403.79,380.07,67580000.0,2.17,테슬라
2025-01-13,33.67612761,33.2110367,34.09757362,33.00645126,18090000.0,0.37,CATL
2025-01-13,237.3017932503858,236.61891039211133,239.3504418252093,235.93602753383684,162510.0,-0.29,LG 에너지 솔루션
2025-01-10,36.27908245,36.68548673,36.87505114,36.10997463,8050000.000000001,-1.25,BYD
2025-01-10,236.5791403046678,241.6705134819562,242.68878811741388,236.2397154261819,277850.0,-2.79,LG 에너지 솔루션
2025-01-10,394.74,391.4,399.28,377.29,62290000.0,-0.05,테슬라
2025-01-10,9.918193924789144,9.96892637453231,10.006975711839686,9.892827699917559,4910000.0,-0.95,파나소닉
2025-01-10,33.54880943,33.61699806,34.08749966,33.36879142,14730000.0,-0.54,CATL
2025-01-09,36.7411792,36.68798843,37.05623218,36.36884385,6560000.0,0.08,BYD
2025-01-09,33.73249137,32.91689966,34.13074017,32.89098621,16930000.0,0.81,CATL
2025-01-09,9.984823574048313,10.060705703806754,10.076514480839764,9.877323890223852,6990000.0,-1.44,파나소닉
2025-01-09,245.98431464035514,254.90424794669994,255.93347102050896,239.12282748162835,690310.0,-4.02,LG 에너지 솔루션
2025-01-08,256.08853052493004,249.91772256047392,257.8026438483901,249.5748998957819,355410.0,2.19,LG 에너지 솔루션
2025-01-08,10.116829807388696,10.078939059046416,10.13261761919798,9.977897063467005,6260000.0,-0.25,파나소닉
2025-01-08,33.46336407,33.55202139,33.86845982,33.1878444,27190000.0,-1.65,CATL
2025-01-08,36.71504174,37.23471002,37.3711059,36.25538764,10910000.0,-1.77,BYD
2025-01-08,394.94,392.95,402.5,387.4,73040000.0,0.15,테슬라
2025-01-07,10.16327047209214,10.156942159220351,10.270851790912541,10.052524996835842,7460000.0,-0.56,파나소닉
2025-01-07,251.529478153753,250.153119860162,256.0026426079237,248.77676156657103,235330.0,1.11,LG 에너지 솔루션
2025-01-07,37.40309019,37.02773531,37.90811313,36.51179297,9570000.0,1.01,BYD
2025-01-07,394.36,405.83,414.33,390.0,75700000.0,-4.06,테슬라
2025-01-07,34.04810002,33.16772221,34.39615637,32.90565626,40100000.0,-2.84,CATL
2025-01-06,35.0641192,35.23483059,35.50796881,34.55198503,17290000.0,-0.34,CATL
2025-01-06,10.24746192893401,10.4251269035533,10.444162436548224,10.206218274111675,7380000.0,-1.7,파나소닉
2025-01-06,37.04846838,37.13860399,37.40491376,36.74118788,8240000.0,0.2,BYD
2025-01-06,411.05,423.2,426.43,401.7,85520000.0,0.15,테슬라
2025-01-06,247.41971692172913,245.0242286527774,250.15741780053114,241.9443151641252,204680.0,1.54,LG 에너지 솔루션
2025-01-03,36.98547794,37.09067064,37.51280755,36.64530936,9940000.0,-0.14,BYD
2025-01-03,35.19583601,35.35294198,35.92945259,35.13845818,18520000.0,-0.44,CATL
2025-01-03,242.44570510157524,233.5923507017986,245.510327778421,233.5923507017986,236700.0,2.89,LG 에너지 솔루션
2025-01-03,410.44,381.48,411.88,379.45,95420000.0,8.22,테슬라
2025-01-02,379.28,390.1,392.73,373.04,109710000.0,-6.08,테슬라
2025-01-02,37.14003891,38.77030989,38.78126969,36.909883,16880000.0,-4.09,BYD
2025-01-02,35.45222895,36.47560073,36.48245061,35.20837329,23350000.0,-2.71,CATL
2025-01-02,235.41098267075802,237.11192907733863,239.83344332786763,233.02965770154515,137650.0,-0.57,LG 에너지 솔루션
2024-12-31,36.44185059,36.3171811,37.05834806,36.3171811,24930000.0,-0.22,CATL
2024-12-31,403.84,423.79,427.93,402.54,76830000.0,-3.25,테슬라
2024-12-31,38.72426123,39.04483992,39.25033907,38.6338416,7760000.0,-0.82,BYD
2024-12-30,10.476311930115411,10.6165912134158,10.63890837212268,10.438053943760758,7070000.0,0.06,파나소닉
2024-12-30,39.04346992,39.34623868,39.66133739,38.81605085,8289999.999999999,-0.45,BYD
2024-12-30,417.41,419.4,427.0,415.75,64940000.0,-3.3,테슬라
2024-12-30,236.85553854007148,234.8136804492088,244.00204185809088,234.8136804492088,163810.0,0.0,LG 에너지 솔루션
2024-12-30,36.52131026,35.74041346,36.64734975,35.68972367,22630000.0,1.75,CATL
2024-12-27,39.22718553,39.29843793,39.40120581,38.77774733,7870000.0,0.5,BYD
2024-12-27,35.90024664,35.70430255,36.0948205,34.94107975,24350000.0,0.29,CATL
2024-12-27,236.3327674023769,231.57894736842104,238.03056027164686,231.23938879456708,190730.0,1.02,LG 에너지 솔루션
2024-12-27,10.404258015460652,10.328222025091877,10.410594347991383,10.315549360030415,5740000.0,0.8,파나소닉
2024-12-27,431.66,449.52,450.0,426.5,82670000.0,-4.95,테슬라
2024-12-26,454.13,465.16,465.33,451.02,76650000.0,-1.76,테슬라
2024-12-26,35.79698826,36.61226895,36.61226895,35.76273277,22440000.0,-2.51,CATL
2024-12-26,10.310126582278482,10.186708860759493,10.310126582278482,10.170886075949367,5350000.0,0.9,파나소닉
2024-12-26,234.82018703819833,239.5915696485536,239.9323826921504,234.13856095100473,171540.0,-1.57,LG 에너지 솔루션
2024-12-26,39.03207684,39.17732012,39.29789945,38.91423795,6760000.0,-0.37,BYD
2024-12-25,10.257306226175348,10.165184243964422,10.257306226175348,10.111181702668361,3560000.0,0.97,파나소닉
2024-12-25,39.18054128,39.56560466,39.92600206,39.15039397,8340000.0,-0.87,BYD
2024-12-25,36.72079479,36.84960603,37.12367249,36.48646797,11410000.0,-0.1,CATL
2024-12-24,462.28,435.9,462.78,435.14,59550000.0,7.36,테슬라
2024-12-24,36.77103611,36.05406739,36.77377786,36.05406739,19620000.0,1.8,CATL
2024-12-24,39.53883695,38.36947879,39.55117484,38.26529213,14230000.0,2.75,BYD
2024-12-24,239.90184587334554,247.7843350948983,248.1270520175745,239.90184587334554,167650.0,-2.51,LG 에너지 솔루션
2024-12-24,10.173050006362132,10.246214531110828,10.265300928871357,10.131696144547652,3500000.0,-1.24,파나소닉
2024-12-23,430.6,431.0,434.51,415.41,72700000.0,2.27,테슬라
2024-12-23,36.10429826,35.99605388,36.84145623,35.99605388,20640000.0,0.3,CATL
2024-12-23,10.301603461440571,10.21888521252227,10.327055230338509,10.167981674726393,7110000.0,1.95,파나소닉
2024-12-23,38.46101147,38.43360783,38.81588863,38.21163833,8150000.0,0.18,BYD
2024-12-23,247.36784080260185,247.36784080260185,249.09045807838598,237.7211840582107,281300.0,0.42,LG 에너지 솔루션
2024-12-20,38.40407889,39.06333521,39.30181878,38.40407889,9670000.0,-1.82,BYD
2024-12-20,421.06,425.51,447.08,417.64,132220000.0,-3.46,테슬라
2024-12-20,36.0069078,36.97728924,37.11571936,35.67933554,27740000.0,-2.62,CATL
2024-12-20,10.152803529186114,10.194360974362253,10.280672591266542,10.133623169874049,16940000.0,1.31,파나소닉
2024-12-20,247.4784884083153,259.59282000872236,260.97731504876884,246.4401171282804,352530.0,-3.9,LG 에너지 솔루션
2024-12-19,9.956806199580766,9.871053801689639,9.985390332211141,9.823413580639015,7880000.0,-1.14,파나소닉
2024-12-19,36.97526211,36.90262455,37.32611526,36.54080724,15350000.0,-0.6,CATL
2024-12-19,257.5249910004707,258.56339822224686,263.06316284994324,254.7559050757345,243290.0,-2.49,LG 에너지 솔루션
2024-12-19,39.11464401,38.62262729,39.3257041,38.37456315,8670000.0,0.26,BYD
2024-12-19,436.17,451.88,456.36,420.02,118570000.0,-0.9,테슬라
2024-12-18,440.13,466.49,488.54,427.01,149340000.0,-8.28,테슬라
2024-12-18,39.06593105,38.87379227,39.37198068,38.78870224,8410000.0,0.65,BYD
2024-12-18,262.6144420733806,264.33537550767534,265.7121222551112,261.58188201280376,203810.0,-0.26,LG 에너지 솔루션
2024-12-18,37.24884717,37.64684892,37.70449056,37.09788098,15090000.0,-0.87,CATL
2024-12-18,10.242248062015504,10.232558139534882,10.313307493540051,10.158268733850129,5540000.0,-0.78,파나소닉
2024-12-17,37.58614063,36.65266453,38.16269939,36.58951761,28210000.0,2.47,CATL
2024-12-17,266.1073195166239,277.2386060846395,281.76069125289587,263.32449787461996,389460.0,-3.89,LG 에너지 솔루션
2024-12-17,38.8216237,37.73988963,39.21423277,37.61085029,17570000.0,2.86,BYD
2024-12-17,479.86,475.9,483.99,457.51,131220000.0,3.64,테슬라
2024-12-17,10.411780036486839,10.476935105551213,10.623534010946052,10.379202501954653,9310000.0,-0.65,파나소닉
2024-12-16,277.00252643007775,277.6985126773895,280.13446454298065,274.56657456448664,203050.0,-0.5,LG 에너지 솔루션
2024-12-16,37.74918996,37.96474271,38.19265199,37.56109616,7150000.0,-0.56,BYD
2024-12-16,10.434641582873823,10.330846578008433,10.681154719429127,10.311385014596173,15070000.0,2.13,파나소닉
2024-12-16,463.02,441.09,463.19,436.15,114080000.0,6.14,테슬라
2024-12-16,36.68515569,36.55060684,37.0009336,36.25267725,16260000.000000002,0.06,CATL
2024-12-13,10.251236657120542,10.153605831814632,10.316323873991148,10.111299140848738,9330000.0,-0.13,파나소닉
2024-12-13,36.70212766,37.09384793,37.38523283,36.56055858,28320000.0,-2.44,CATL
2024-12-13,436.23,420.0,436.3,415.71,89000000.0,4.34,테슬라
2024-12-13,278.9341924506461,276.14485052613963,278.9341924506461,271.6121698988166,328250.0,-1.11,LG 에너지 솔루션
2024-12-13,38.00511298,38.6676013,38.70746055,37.99274287,11240000.0,-2.53,BYD
2024-12-12,418.1,424.84,429.3,415.0,87750000.0,-1.57,테슬라
2024-12-12,282.73466278037563,267.70673880070177,282.73466278037563,261.41597992548947,579730.0,7.01,LG 에너지 솔루션
2024-12-12,10.33285283711178,10.13956231162364,10.352509500720744,10.034726772375835,13720000.0,2.74,파나소닉
2024-12-12,39.02868542,38.53614914,39.02868542,38.30226319,10010000.0,1.04,BYD
2024-12-12,37.65701314,36.58251359,37.88677169,36.48620761,22330000.0,2.47,CATL
2024-12-11,424.77,409.7,424.88,402.38,104290000.0,5.93,테슬라
2024-12-11,36.78809999,37.7329385,38.49597135,36.70821569,19400000.0,-1.28,CATL
2024-12-11,38.67089043,38.8444322,39.09785827,38.4821982,9340000.0,-0.63,BYD
2024-12-11,10.06887504099705,9.918005903574944,10.06887504099705,9.908166612003937,7420000.0,1.86,파나소닉
2024-12-11,264.7411070100364,271.7448399997199,273.8459598966249,263.69054706158386,258540.00000000003,-1.82,LG 에너지 솔루션
2024-12-10,9.91773609740046,10.22704837117473,10.263244488318527,9.888121092464628,10510000.0,1.41,파나소닉
2024-12-10,37.32,38.79724138,38.82758621,37.14896552,32900000.0,0.94,CATL
2024-12-10,400.99,392.68,409.73,390.85,97560000.0,2.87,테슬라
2024-12-10,38.97241379,40.4137931,40.55172414,38.89655172,17590000.0,0.73,BYD
2024-12-10,268.42362127867256,273.30405075646655,276.09286760092033,268.07501917311583,246890.0,-0.65,LG 에너지 솔루션
2024-12-09,271.28255390646876,269.88238588630634,278.28339400728083,265.68188182581906,251540.0,-0.77,LG 에너지 솔루션
2024-12-09,38.63285769,38.45931354,39.1149248,38.24582668,9220000.0,0.07,BYD
2024-12-09,9.828692373834249,9.855149150076063,10.046960777829222,9.79562140353198,8870000.0,0.0,파나소닉
2024-12-09,389.79,397.61,404.8,378.01,96360000.0,0.15,테슬라
2024-12-09,36.91945347,36.77345601,37.14120434,36.41810369,22460000.0,0.56,CATL
2024-12-06,9.904685729520763,9.878024395120976,9.964673731920282,9.758048390321935,6440000.0,0.58,파나소닉
2024-12-06,274.20057016866315,268.9342339938489,278.76472818683555,268.9342339938489,263810.0,2.23,LG 에너지 솔루션
2024-12-06,36.66437414,35.21320495,37.12517194,35.07565337,33040000.0,4.12,CATL
2024-12-06,389.22,377.42,389.49,370.8,81460000.0,5.34,테슬라
2024-12-06,38.55295736,37.91884457,38.78679505,37.69050894,12470000.0,1.82,BYD
2024-12-05,35.265594,35.5397289,35.67197487,35.12921534,16020000.0,-1.15,CATL
2024-12-05,9.844749466950958,9.701492537313433,9.868070362473347,9.701492537313433,8270000.0,1.58,파나소닉
2024-12-05,37.91877893,38.18464845,38.36235398,37.78791051,9030000.0,-1.69,BYD
2024-12-05,270.2932186120231,275.2462357070078,279.49167893128043,270.2932186120231,167700.0,-1.8,LG 에너지 솔루션
2024-12-05,369.49,359.87,375.43,359.5,81400000.0,3.23,테슬라
2024-12-04,357.93,353.0,358.1,348.6,50810000.0,1.85,테슬라
2024-12-04,275.6656013265964,277.0829051894581,279.9175129151814,272.47666763515764,244180.0,-2.02,LG 에너지 솔루션
2024-12-04,38.54774755,38.73499284,39.00897676,38.38528472,8500000.0,-0.94,BYD
2024-12-04,35.65508316,35.79689393,36.07225465,35.45269303,16180000.0,-1.1,CATL
2024-12-04,9.658034528552458,9.777556440903055,9.824037184594953,9.658034528552458,6440000.0,-1.42,파나소닉
2024-12-03,9.863627247810681,9.766695634734942,10.047463065712948,9.749983287652917,9780000.0,1.55,파나소닉
2024-12-03,38.79464163,39.0897362,39.23796975,38.51052733,9140000.0,0.09,BYD
2024-12-03,280.6704984906007,278.1960734409355,283.4984128330753,272.186755463177,240690.0,1.4,LG 에너지 솔루션
2024-12-03,351.42,351.8,355.69,348.2,58270000.0,-1.59,테슬라
2024-12-03,35.93840072,35.82310796,36.096242,35.54860139,17310000.0,-0.13,CATL
2024-12-02,9.713216124072465,9.8068052677318,9.8068052677318,9.636339327495152,7430000.0,-0.85,파나소닉
2024-12-02,278.854098407362,275.6488788854383,283.1277244365936,274.22433687569446,183830.0,2.62,LG 에너지 솔루션
2024-12-02,38.83708777,38.04081745,39.05712793,37.69287895,15140000.0,2.75,BYD
2024-12-02,36.05770553,35.56949143,36.24473966,35.37283054,20650000.0,0.36,CATL
2024-12-02,357.09,352.38,360.0,351.15,77990000.0,3.46,테슬라
2024-11-29,36.07141378,34.68925618,37.00343813,34.68925618,31370000.0,2.57,CATL
2024-11-29,345.16,336.08,345.45,334.65,37170000.0,3.69,테슬라
2024-11-29,9.786310517529216,10.010016694490819,10.010016694490819,9.729549248747913,7210000.0,-2.53,파나소닉
2024-11-29,273.54141122989665,286.8061978819362,288.5987366186983,272.4658879878394,277620.0,-5.22,LG 에너지 솔루션
2024-11-29,37.94788948,37.69520732,38.36902641,37.56403353,12800000.0,0.09,BYD
2024-11-28,35.16013252,35.78133628,35.82689122,34.99447819,22360000.0,-2.0,CATL
2024-11-28,37.90447267,38.81833241,38.86802871,37.68636113,15860000.0,-2.28,BYD
2024-11-28,9.921472878447934,9.802692358453214,10.007258809555234,9.66411508512604,8189999.999999999,1.66,파나소닉
2024-11-28,288.79338178843824,286.99963407546653,290.94587904400424,286.2821349902779,115400.0,0.5,LG 에너지 솔루션
2024-11-27,35.86905518,35.15139805,36.00706616,34.70562257,27400000.0,1.24,CATL
2024-11-27,9.788219722038386,9.953673064195897,10.0066181336863,9.728656518861682,10090000.0,-2.57,파나소닉
2024-11-27,332.89,341.8,342.55,326.59,57900000.0,-1.58,테슬라
2024-11-27,38.78108697,38.54370808,38.78108697,38.22904303,11000000.0,0.0,BYD
2024-11-27,288.42414552996587,294.185426838929,298.14630773884113,287.7039853663455,172480.0,-1.35,LG 에너지 솔루션
2024-11-26,9.915088177661659,9.973873285434356,10.013063357282823,9.813847158719792,7610000.0,-1.17,파나소닉
2024-11-26,290.7809545636853,298.6592562883172,302.24030252678625,290.0647453159915,213270.0,-3.22,LG 에너지 솔루션
2024-11-26,338.23,341.0,346.96,335.66,62300000.0,-0.11,테슬라
2024-11-26,35.39988969,36.06867071,36.3996139,35.25372311,27360000.0,-2.79,CATL
2024-11-26,38.74931054,38.61003861,39.43739658,38.31770546,9520000.0,-0.7,BYD
2024-11-25,338.59,360.14,361.93,338.2,95890000.0,-3.96,테슬라
2024-11-25,300.0586527044619,293.263522309486,303.99267556471113,291.83296854212267,433780.0,3.58,LG 에너지 솔루션
2024-11-25,36.48041992,36.33676359,36.82022239,36.07707715,26240000.0,1.93,CATL
2024-11-25,39.09109745,39.09109745,39.96961116,38.79964086,17450000.0,1.62,BYD
2024-11-25,9.96044355100188,10.08689449452046,10.093379158290642,9.821023279942935,16320000.0,-0.97,파나소닉
2024-11-22,38.43627079,39.40376786,39.45345387,38.36864261,12510000.0,-2.63,BYD
2024-11-22,288.79064460924127,287.7210496292071,291.999429549344,286.6514546491728,141110.0,1.12,LG 에너지 솔루션
2024-11-22,352.56,341.08,361.53,337.7,89140000.0,3.8,테슬라
2024-11-22,35.76012698,36.97881444,37.12649231,35.7297633,22560000.0,-3.41,CATL
2024-11-22,10.023264831329973,9.761535478867778,10.071733229934082,9.748610572573348,10490000.0,2.04,파나소닉
2024-11-21,39.52022994,39.86154101,39.86430467,39.24386469,9550000.0,-0.85,BYD
2024-11-21,286.2452203123325,285.17314083550724,290.53353821963333,281.9569024050316,206830.0,0.0,LG 에너지 솔루션
2024-11-21,37.06887022,36.7095954,37.50690913,36.43323016,20550000.0,0.27,CATL
2024-11-21,9.837550967574915,9.834314931072424,9.960520354669601,9.77283023752508,9550000.0,-0.3,파나소닉
2024-11-21,339.64,343.81,347.99,335.28,58010000.0,-0.7,테슬라
2024-11-20,36.92432962,36.84152417,37.24865096,36.51720283,22710000.0,-0.44,CATL
2024-11-20,342.03,345.0,346.6,334.3,66340000.0,-1.15,테슬라
2024-11-20,39.8100995,39.74799542,40.07783712,39.40159262,10600000.0,0.16,BYD
2024-11-20,286.4765883177637,281.46950687400755,287.90718301597974,278.96596615212945,215240.0,1.78,LG 에너지 솔루션
2024-11-20,9.808273821012675,9.872611464968152,9.89512964035257,9.74715305925497,8610000.0,-1.23,파나소닉
2024-11-19,39.78586724,39.88119085,40.26801133,38.96111073,13190000.0,-0.24,BYD
2024-11-19,37.12371348,36.19810734,37.57684603,35.64274366,34810000.0,2.21,CATL
2024-11-19,9.980601357904947,9.686388619463305,10.022631749110895,9.586162301972195,16900000.0,4.04,파나소닉
2024-11-19,282.62181107791315,276.15777982073087,284.0582624683981,273.284877039761,290710.0,2.61,LG 에너지 솔루션
2024-11-19,346.0,335.76,347.38,332.75,88850000.0,2.14,테슬라
2024-11-18,36.33298325,36.69780554,37.44265104,36.06765795,30650000.0,-0.99,CATL
2024-11-18,9.59262851600388,9.356611703847397,9.660523763336567,9.295182670546394,10530000.0,1.09,파나소닉
2024-11-18,39.89276436,40.0765574,40.48283677,39.61362003,11620000.0,-0.46,BYD
2024-11-18,275.80007191657677,269.6871628910464,277.2384034519957,269.6871628910464,363620.0,3.37,LG 에너지 솔루션
2024-11-18,338.74,340.73,348.55,330.01,126550000.0,5.62,테슬라
2024-11-15,40.10565766,40.76809249,40.90638786,39.83183283,15320000.0,-1.61,BYD
2024-11-15,36.72571879,37.27060255,38.03122709,36.72571879,35200000.0,-3.43,CATL
2024-11-15,320.72,310.57,324.68,309.22,114440000.0,3.07,테슬라
2024-11-15,9.508228586238175,9.524426590644033,9.550343397693403,9.36244654658546,14920000.0,-1.97,파나소닉
2024-11-15,266.20171057918606,289.16250502267377,289.52126743585325,266.20171057918606,999600.0,-12.09,LG 에너지 솔루션
2024-11-14,300.4093255027585,300.0533902829685,301.1211959423385,288.30752802989855,455170.0,2.43,LG 에너지 솔루션
2024-11-14,40.78342927,41.50985167,41.55136152,40.67965464,12460000.0,-1.94,BYD
2024-11-14,9.5808,9.536,9.7152,9.5072,18440000.0,2.5,파나소닉
2024-11-14,311.18,327.69,329.98,310.37,120730000.0,-5.77,테슬라
2024-11-14,38.05069737,39.15762674,39.43297543,38.00365287,42660000.0,-2.48,CATL
2024-11-13,293.42848392909286,300.19443198085594,302.68714968413707,293.07238140005273,345850.0,-3.51,LG 에너지 솔루션
2024-11-13,41.60426327,41.24852931,41.70946086,40.87480102,14510000.0,-0.08,BYD
2024-11-13,9.395303956256031,9.305242843357993,9.485365069154069,9.273078160180123,11950000.0,1.11,파나소닉
2024-11-13,330.24,335.85,344.6,322.5,125410000.0,0.53,테슬라
2024-11-13,39.03384317,37.23441069,39.89203405,36.92573881,55770000.0,3.29,CATL
2024-11-12,303.74164176981077,297.339593114241,308.36534357661117,295.9169156352255,636590.0,2.64,LG 에너지 솔루션
2024-11-12,37.75165929,38.4789823,39.43584071,37.46957965,74400000.0,2.06,CATL
2024-11-12,9.34346701164295,9.359637774902975,9.615135834411385,9.336998706338939,17200000.0,1.4,파나소닉
2024-11-12,41.5943031,41.50304204,42.86504425,41.38689159,24660000.0,0.51,BYD
2024-11-12,328.49,342.74,345.84,323.31,155730000.0,-6.15,테슬라
2024-11-11,41.48796074,40.89327548,41.51291257,40.56058443,18090000.0,0.47,BYD
2024-11-11,9.267451694749854,9.052761694099278,9.384555331468349,9.023485784919654,11360000.0,3.26,파나소닉
2024-11-11,297.33825085055895,310.9186036538297,311.2759813591789,296.6234954398605,962020.0,4.39,LG 에너지 솔루션
2024-11-11,37.08119048,34.9810782,37.28773618,34.79532569,49150000.0,3.88,CATL
2024-11-11,350.0,346.3,358.64,336.0,210520000.0,8.96,테슬라
2024-11-08,35.87100369,37.5649509,37.89092429,35.81528174,40290000.0,-2.02,CATL
2024-11-08,9.038196946864968,9.336303479001508,9.346131166874141,9.038196946864968,7640000.0,-1.85,파나소닉
2024-11-08,321.22,299.14,328.71,297.66,204780000.0,8.19,테슬라
2024-11-08,41.49892039,42.78331128,42.83903322,41.37354601,16670000.000000002,-1.29,BYD
2024-11-08,285.41142934903274,282.5465718398831,292.57357312190686,282.1884646512394,375540.0,3.24,LG 에너지 솔루션
2024-11-07,296.91,288.89,299.75,285.52,117310000.0,2.9,테슬라
2024-11-07,279.7324424410641,281.90652878127963,283.35591967475665,271.7607925269405,453440.0,-1.15,LG 에너지 솔루션
2024-11-07,42.25900409,41.3137848,42.27300734,41.16955134,15070000.0,0.47,BYD
2024-11-07,36.80053772,36.12838178,36.80053772,35.55144794,33570000.0,2.46,CATL
2024-11-07,9.190479304256849,8.912574380435492,9.2624076374812,8.892957562283398,14810000.0,4.23,파나소닉
2024-11-06,278.8568653774744,304.56454054671656,306.34979576680286,275.6434059813191,677190.0,-7.02,LG 에너지 솔루션
2024-11-06,41.84335906,42.90769274,43.15148645,41.51458583,18490000.0,-2.32,BYD
2024-11-06,8.72081743516782,9.034469378516459,9.244648515811939,8.607644053547178,26790000.0,-5.43,파나소닉
2024-11-06,288.53,284.67,289.59,275.62,165230000.0,14.75,테슬라
2024-11-06,35.73319217,36.08007579,37.54423114,35.31526009,45240000.0,-1.87,CATL
2024-11-05,251.44,247.34,255.28,246.21,69280000.0,3.54,테슬라
2024-11-05,43.28120821,42.79702169,43.413515,42.29594494,16780000.0,0.17,BYD
2024-11-05,9.406332453825858,9.030343007915567,9.468997361477573,8.964379947229553,22220000.0,6.14,파나소닉
2024-11-05,36.79113826,35.26961026,36.99241347,35.06552001,48480000.0,4.06,CATL
2024-11-05,305.0374760327697,306.4900354424496,309.0320144093893,302.49549706582997,176050.0,-1.41,LG 에너지 솔루션
2024-11-04,242.84,244.56,248.9,238.88,68800000.0,-2.47,테슬라
2024-11-04,310.35990091796594,303.8030016027976,311.08844528631795,297.24610228762936,416700.0,3.27,LG 에너지 솔루션
2024-11-04,43.23966477,41.69307698,43.51292345,41.63814353,21730000.0,5.74,BYD
2024-11-04,35.38277343,34.36861751,35.8194239,34.36861751,24250000.0,2.03,CATL
2024-11-01,40.76586065,41.17167973,41.50869211,40.73637206,14300000.0,-0.98,BYD
2024-11-01,34.57185385,34.61819305,35.08018086,34.42862359,25920000.0,0.09,CATL
2024-11-01,248.98,252.04,254.0,246.63,57550000.0,-0.35,테슬라
2024-11-01,299.2426440717312,293.80186872497245,303.95798270558873,293.43915036852184,252280.0,1.23,LG 에너지 솔루션
2024-11-01,8.7821937508171,8.85083017387894,8.975029415609884,8.707020525558898,27350000.0,8.52,파나소닉
2024-10-31,249.85,257.99,259.75,249.25,66580000.0,-2.99,테슬라
2024-10-31,8.143129645464711,8.176017891205683,8.205617312372558,8.100374926001447,9180000.0,-1.04,파나소닉
2024-10-31,41.19109837,42.4302453,42.56792829,41.16440473,24090000.0,-4.05,BYD
2024-10-31,296.8861559981932,297.2504334902155,303.8074283466173,294.70049104605926,263370.0,-0.97,LG 에너지 솔루션
2024-10-31,34.55843098,34.70032875,35.19345865,34.28025514,25500000.0,-0.83,CATL
2024-10-30,34.8601546,35.13703443,35.46029515,34.36401968,27130000.0,-1.49,CATL
2024-10-30,257.55,258.04,263.35,255.82,53990000.0,-0.76,테슬라
2024-10-30,42.94448349,42.58608573,43.21995784,42.37526353,10840000.0,0.05,BYD
2024-10-30,8.154618343002412,8.131803663385698,8.206766182126328,8.10572974382374,11740000.0,0.0,파나소닉
2024-10-30,298.5626909096186,294.9349546895746,302.91597437367136,293.84663382356143,171070.0,0.61,LG 에너지 솔루션
2024-10-29,295.68260027182555,296.4055406147885,298.21289147219574,289.53760735664093,279790.0,-1.8,LG 에너지 솔루션
2024-10-29,259.52,264.51,264.98,255.51,80520000.0,-1.14,테슬라
2024-10-29,42.83249884,43.3374006,43.51692122,42.60809806,11850000.0,0.1,BYD
2024-10-29,8.157808933811543,8.14476687316596,8.206716661232475,8.118682751874797,5490000.0,0.52,파나소닉
2024-10-29,35.31226771,35.93778488,36.1439531,35.23653245,26990000.0,-1.74,CATL
2024-10-28,301.35519394540154,291.5873785354065,302.0787358276234,291.5873785354065,346240.0,2.33,LG 에너지 솔루션
2024-10-28,8.119128392484342,7.900574112734864,8.158272442588727,7.897312108559499,5900000.0,1.38,파나소닉
2024-10-28,42.81864878,43.36598647,43.36598647,42.34849973,10930000.0,-0.99,BYD
2024-10-28,35.96148988,35.94605215,36.29410279,35.50677857,27600000.0,-1.02,CATL
2024-10-28,262.51,270.0,273.54,262.24,107650000.0,-2.48,테슬라
2024-10-25,269.19,256.01,269.49,255.32,161610000.0,3.34,테슬라
2024-10-25,43.27869773,42.69722889,43.7927499,42.69722889,13980000.0,1.47,BYD
2024-10-25,293.2382290428329,301.88407363377644,301.88407363377644,292.8779855182103,239210.0,0.12,LG 에너지 솔루션
2024-10-25,8.059750492449114,8.14510833880499,8.171372291529874,8.059750492449114,5480000.0,-1.21,파나소닉
2024-10-25,36.36006124,35.44150901,37.21962387,34.59318249,57900000.0,5.17,CATL
2024-10-24,34.57594741,35.08301261,35.32601062,34.41301233,21470000.0,-1.26,CATL
2024-10-24,42.65527994,43.38567857,43.53878136,42.50077254,9690000.0,-1.68,BYD
2024-10-24,8.184033724147017,8.111579502041891,8.233434330127784,8.07205901725728,5090000.0,-0.32,파나소닉
2024-10-24,260.48,244.68,262.12,242.65,204490000.0,21.92,테슬라
2024-10-24,294.8750498712415,298.13934931631064,303.9425483297668,292.33615030285443,402820.0,0.87,LG 에너지 솔루션
2024-10-23,8.16039279869067,8.13747954173486,8.268412438625205,8.111292962356792,5830000.0,-0.6,파나소닉
2024-10-23,292.0437993231541,276.46329886298577,293.8554854231736,276.46329886298577,330590.0,5.64,LG 에너지 솔루션
2024-10-23,213.65,217.13,218.72,212.11,80940000.0,-1.98,테슬라
2024-10-23,43.3503621,42.77072924,43.76017515,42.48021108,12670000.0,1.36,BYD
2024-10-23,34.98849155,34.77937461,35.78004828,34.64604502,32150000.0,-0.5,CATL
2024-10-22,276.79627358935477,280.42400980939874,281.51233067541193,273.1685373693108,211350.0,-2.05,LG 에너지 솔루션
2024-10-22,217.97,217.31,218.22,215.26,43270000.0,-0.4,테슬라
2024-10-22,35.1747859,35.65913239,35.73775095,34.71290187,27880000.0,-1.11,CATL
2024-10-22,42.78393935,42.81903692,43.53783518,42.53825635,10370000.0,-0.55,BYD
2024-10-22,8.301337216999867,8.433734939759036,8.463524427379848,8.281477558585992,5590000.0,-1.72,파나소닉
2024-10-21,218.85,218.9,220.48,215.73,47330000.0,-0.84,테슬라
2024-10-21,43.04738092,42.56275548,43.34939387,42.26776609,15780000.0,2.05,BYD
2024-10-21,35.58976808,36.38202531,36.87788844,35.36360955,58460000.0,1.39,CATL
2024-10-21,8.459855466419146,8.45322548564609,8.53278525492276,8.42339057216734,4950000.0,0.43,파나소닉
2024-10-21,282.4469550840452,282.08437876172934,285.347565662572,280.99664979478183,132930.0,0.26,LG 에너지 솔루션
2024-10-18,220.7,220.71,222.28,219.23,49610000.0,-0.09,테슬라
2024-10-18,42.28684081,40.75899458,43.1176512,40.56607759,19110000.0,3.76,BYD
2024-10-18,35.18834049,32.38752376,36.45427022,32.33119763,68010000.0,7.94,CATL
2024-10-18,283.91443834635373,289.7608103071538,291.5878015449038,281.3566506135037,247520.0,-2.14,LG 에너지 솔루션
2024-10-18,8.497191011235955,8.513911182450508,8.540663456393792,8.47378277153558,4770000.0,-0.35,파나소닉
2024-10-17,8.488681757656458,8.5219707057257,8.581890812250334,8.472037283621837,3920000.0,0.12,파나소닉
2024-10-17,32.49761357,32.84855972,33.5336066,32.40777135,26160000.0,-1.0,CATL
2024-10-17,220.89,221.59,222.08,217.9,50790000.0,-0.2,테슬라
2024-10-17,289.81486888979737,294.1949424750336,300.0350405886819,289.81486888979737,246100.0,-1.85,LG 에너지 솔루션
2024-10-17,40.62833399,41.06210343,41.81172441,40.58622045,10250000.0,-0.13,BYD
2024-10-16,32.84779189,33.54590403,33.54590403,32.77474997,33590000.0,-3.06,CATL
2024-10-16,221.33,221.4,222.82,218.93,49630000.0,0.8,테슬라
2024-10-16,296.61949109041575,304.31913177385053,304.31913177385053,296.61949109041575,489490.0,0.25,LG 에너지 솔루션
2024-10-16,40.70541634,41.1563097,41.57489606,40.31351837,15030000.0,-2.76,BYD
2024-10-16,8.51156262531747,8.454752038497526,8.591765806710333,8.438043042374014,5150000.0,-0.78,파나소닉
2024-10-15,295.8970410295897,298.830345029883,299.930334029993,285.630477028563,600170.0,-0.62,LG 에너지 솔루션
2024-10-15,33.88206871,35.08863106,35.23330618,33.8694272,32770000.000000004,-3.4,CATL
2024-10-15,41.8574599,42.91091946,43.31544793,41.8574599,12210000.0,-2.93,BYD
2024-10-15,8.60312353374891,8.737180776191433,8.750586500435686,8.57966351632147,9640000.0,-1.16,파나소닉
2024-10-15,219.57,220.01,224.26,217.12,62990000.0,0.19,테슬라
2024-10-14,43.31875265,42.47072104,43.73924086,42.35924933,17240000.0,2.32,BYD
2024-10-14,299.35263150133454,300.45861413003405,304.88254464483214,296.7720053677024,239650.0,-1.22,LG 에너지 솔루션
2024-10-14,219.16,220.13,221.91,213.74,86290000.0,0.62,테슬라
2024-10-14,35.23634824,35.27444617,35.6709468,34.56187385,46760000.0,3.28,CATL
2024-10-11,304.8034351569626,316.29845521762667,317.78168361255103,302.94939966330713,435490.0,-3.75,LG 에너지 솔루션
2024-10-11,217.8,220.13,223.34,214.38,142630000.0,-8.78,테슬라
2024-10-11,34.21588883,36.15600147,36.15600147,33.66965726,47640000.0,-6.28,CATL
2024-10-11,8.70716824247301,8.844632200093878,8.878159994635553,8.700462683564675,7310000.0,-0.84,파나소닉
2024-10-11,42.46030623,44.43721167,44.43721167,41.88860272,18640000.0,-5.01,BYD
2024-10-10,36.44582568,36.02203701,37.57451617,35.33832462,60830000.0,1.18,CATL
2024-10-10,316.49557128562424,320.2016084201164,320.94281584701474,312.04832672423373,629240.0,-2.18,LG 에너지 솔루션
2024-10-10,8.814620355411954,8.817985998922994,8.824717285945072,8.723747980613894,5210000.0,0.31,파나소닉
2024-10-10,238.77,241.81,242.79,232.34,83090000.0,-0.95,테슬라
2024-10-10,44.6235344,43.79149597,45.48665066,43.78867072,25020000.0,3.34,BYD
2024-10-09,43.17655367,44.49152542,45.2980226,42.44350282,32590000.000000004,-6.63,BYD
2024-10-09,8.74472503181727,8.835153057806954,8.835153057806954,8.697836425748543,5120000.0,-0.23,파나소닉
2024-10-09,36.01694915,39.53389831,39.54661017,36.01694915,108690000.0,-14.72,CATL
2024-10-09,241.05,243.82,247.43,239.51,66290000.00000001,-1.41,테슬라
2024-10-08,325.9213905979332,310.98799354877247,331.5214144913685,307.6279792127113,799110.0,3.93,LG 에너지 솔루션
2024-10-08,8.829880558742156,8.772521762602064,8.877117214386935,8.765773668938525,6430000.0,-0.68,파나소닉
2024-10-08,42.35427438,41.92931511,42.70840711,37.91486649,137650000.0,18.7,CATL
2024-10-08,46.37438912,47.88441108,47.88441108,43.53141157,44340000.0,6.53,BYD
2024-10-08,244.5,243.56,246.21,240.56,56300000.0,1.52,테슬라
2024-10-07,240.83,249.0,249.83,240.7,68110000.0,-3.7,테슬라
2024-10-07,312.23283648663715,307.40066163624874,316.6933055793034,304.05530981674906,432540.0,4.09,LG 에너지 솔루션
2024-10-07,8.891213389121338,8.901336212714266,8.951950330678903,8.833850722094748,5670000.0,1.42,파나소닉
2024-10-04,250.08,246.69,250.96,244.58,86730000.0,3.91,테슬라
2024-10-04,299.68583121040393,299.68583121040393,301.54262074702353,294.11546260054513,254190.0,-1.22,LG 에너지 솔루션
2024-10-04,8.73512204962679,8.728397552282967,8.795642525721203,8.65779033017282,6980000.0,1.17,파나소닉
2024-10-03,8.739450040838552,8.766675741900354,8.807514293493059,8.681595426082222,7200000.0,2.47,파나소닉
2024-10-03,240.66,244.48,249.79,237.81,80730000.0,-3.36,테슬라
2024-10-02,8.555236924757612,8.500614502253175,8.589375938822887,8.49378669944012,5740000.0,-0.24,파나소닉
2024-10-02,308.5766947168044,309.3320844223535,318.3967608889426,308.5766947168044,243350.0,-1.45,LG 에너지 솔루션
2024-10-02,249.02,247.55,251.16,241.5,93980000.0,-3.49,테슬라
2024-10-01,258.02,262.67,263.98,248.53,87400000.0,-1.38,테슬라
2024-10-01,8.748955140707718,8.703677904708833,8.780300919476177,8.647952075787128,7060000.0,1.05,파나소닉
2024-09-30,43.79132467,41.3246694,43.90104879,41.3246694,38880000.0,8.21,BYD
2024-09-30,314.72805825316436,318.52453663981294,326.49714125177485,314.72805825316436,443280.0,0.0,LG 에너지 솔루션
2024-09-30,8.654783456343127,8.564266815206796,8.717448823283664,8.54337835955995,10780000.0,-3.0,파나소닉
2024-09-30,261.63,259.04,264.86,255.77,80870000.0,0.45,테슬라
2024-09-30,35.89403785,33.20508436,36.3372093,33.05973552,91360000.0,11.06,CATL
2024-09-27,32.35059193,30.23819712,33.04521466,30.19112823,70180000.0,10.36,CATL
2024-09-27,316.82335855690593,315.6768325307651,319.4985859512344,310.708553084155,248800.0,0.24,LG 에너지 솔루션
2024-09-27,260.46,257.38,260.7,254.12,70990000.0,2.45,테슬라
2024-09-27,40.50634717,38.93881044,41.64741121,38.72486093,30990000.0,5.33,BYD
2024-09-27,9.012588789647655,9.009072367958366,9.040720163161966,8.840284126872495,10800000.0,-0.35,파나소닉
2024-09-26,38.45747868,37.65726186,38.47031638,37.38624369,14910000.0,2.59,BYD
2024-09-26,8.88121546961326,8.853591160220994,8.888121546961326,8.7396408839779,10330000.0,0.67,파나소닉
2024-09-26,254.22,260.6,261.75,251.53,67140000.0,-1.09,테슬라
2024-09-26,29.31418138,29.05600091,29.57378826,28.37560266,35490000.0,1.19,CATL
2024-09-26,314.9948199158998,312.70948869522823,316.5183740630142,306.61527210677065,302210.0,0.0,LG 에너지 솔루션
2024-09-25,310.07693807459844,311.2017637266224,314.9511825667022,306.7024611185266,347950.0,0.12,LG 에너지 솔루션
2024-09-25,37.37467112,36.69202873,38.35028088,36.64367489,20570000.0,3.35,BYD
2024-09-25,8.825561312607945,8.708117443868739,8.89119170984456,8.704663212435234,9470000.0,2.4,파나소닉
2024-09-25,28.88430634,29.49441798,29.49584015,28.81177558,42010000.0,2.83,CATL
2024-09-25,257.02,252.54,257.05,252.28,65030000.0,1.08,테슬라
2024-09-24,8.710983869841492,8.749389009147405,8.861113050764612,8.710983869841492,7850000.0,0.24,파나소닉
2024-09-24,28.08953611,27.2988424,28.18197332,26.86225433,35450000.0,4.95,CATL
2024-09-24,311.6557750645195,302.60040145489666,311.6557750645195,302.60040145489666,445140.0,4.03,LG 에너지 솔루션
2024-09-24,254.27,254.08,257.19,249.05,88490000.0,1.71,테슬라
2024-09-24,36.16286015,35.97940783,36.33493558,35.09201058,15650000.0,1.72,BYD
2024-09-23,35.45696942,36.30084529,36.44409145,35.28535769,10760000.0,-2.38,BYD
2024-09-23,26.69200658,26.47359165,26.86645487,26.30907131,15790000.0,1.4,CATL
2024-09-23,297.6859975105353,297.6859975105353,301.8101108261724,292.8120454102368,232300.0,0.89,LG 에너지 솔루션
2024-09-23,250.0,242.61,250.0,241.92,86930000.0,4.93,테슬라
2024-09-20,26.32437416,26.50875824,26.65059216,26.05205305,15500000.0,-0.7,CATL
2024-09-20,8.647765964839136,8.776318532416093,8.793690501007575,8.623445208811063,10570000.0,0.24,파나소닉
2024-09-20,238.25,241.52,243.99,235.92,99880000.0,-2.32,테슬라
2024-09-20,36.32366499,36.22154457,36.70661655,35.86695979,8990000.0,0.29,BYD
2024-09-20,295.50028536241024,299.25505391847645,305.638160463789,294.749331651197,465140.0,0.51,LG 에너지 솔루션
2024-09-19,8.70495021736082,8.65236292245127,8.796101528537372,8.606787266862993,8730000.0,2.52,파나소닉
2024-09-19,26.44499469,26.45914397,26.63176512,25.97806862,15770000.0,0.27,CATL
2024-09-19,295.0575041828076,305.23190087876645,308.62336644408606,294.6806746755498,300020.0,-2.0,LG 에너지 솔루션
2024-09-19,243.92,234.0,244.24,232.13,102700000.0,7.36,테슬라
2024-09-19,36.13158826,36.64803679,36.70038911,35.84011319,9100000.0,-1.19,BYD
2024-09-18,227.2,230.09,235.68,226.88,78010000.0,-0.29,테슬라
2024-09-18,8.511984255289239,8.480354255992127,8.568215365150769,8.448724256695016,4310000.0,0.79,파나소닉
2024-09-18,26.32322205,25.92780885,26.46867763,25.88403096,11380000.0,1.58,CATL
2024-09-18,36.4952268,36.01367,36.6223239,35.88374852,6680000.0,1.35,BYD
2024-09-17,8.4375,8.444522471910112,8.553370786516854,8.342696629213483,6710000.0,-0.08,파나소닉
2024-09-17,227.87,229.45,234.57,226.55,66760000.00000001,0.48,테슬라
2024-09-16,226.78,229.3,229.96,223.53,54320000.0,-1.52,테슬라
2024-09-13,300.78075003199797,311.32125191046595,311.69769840612554,300.78075003199797,299970.0,-3.5,LG 에너지 솔루션
2024-09-13,230.29,228.0,232.67,226.32,59520000.0,0.21,테슬라
2024-09-13,35.9495277,36.2611025,36.37388975,35.92978993,5700000.0,-0.79,BYD
2024-09-13,8.53926999005823,8.748757278795626,8.748757278795626,8.507314301945748,7570000.0,-1.92,파나소닉
2024-09-13,25.87057662,26.62907091,26.62907091,25.87057662,17290000.0,-3.09,CATL
2024-09-12,36.11111111,36.34856404,36.53122014,36.10970606,7730000.0,-0.42,BYD
2024-09-12,8.646590027505466,8.741801255377672,8.787643698427251,8.646590027505466,8740000.0,1.53,파나소닉
2024-09-12,26.60456359,26.41488226,26.99938178,26.2336312,20710000.0,1.5,CATL
2024-09-12,229.81,224.66,231.45,223.83,72020000.0,0.74,테슬라
2024-09-12,309.9823295097188,302.12045883374765,309.9823295097188,295.75608733415197,355660.0,3.76,LG 에너지 솔루션
2024-09-11,228.13,224.55,228.47,216.8,83550000.0,0.87,테슬라
2024-09-11,26.20519159,25.62085628,26.37655916,25.4466794,21200000.0,2.98,CATL
2024-09-11,8.482613277133826,8.436951176677205,8.510713031260977,8.35265191429575,9190000.0,-0.49,파나소닉
2024-09-11,36.25407349,35.1163052,36.60523654,35.03764468,15540000.0,3.38,BYD
2024-09-11,297.9857952635942,284.1694112726757,300.59970574836257,284.1694112726757,363940.0,5.14,LG 에너지 솔루션
2024-09-10,282.5321431496192,296.67736243774243,297.79409027627844,281.41541531108317,417580.0,-5.01,LG 에너지 솔루션
2024-09-10,8.519974724426033,8.670926068946148,8.684968054482903,8.502422242505089,8410000.0,-1.02,파나소닉
2024-09-10,35.06074012,35.10989397,35.50312478,34.91608735,6120000.0,-0.13,BYD
2024-09-10,25.44203357,26.05154132,26.05154132,25.42658521,15420000.0,-2.16,CATL
2024-09-10,226.17,220.07,226.4,218.64,78890000.0,4.58,테슬라
2024-09-09,8.563246490186492,8.475937696444786,8.598170007683175,8.346720681707062,7730000.0,-0.28,파나소닉
2024-09-09,216.27,216.2,219.87,213.67,67440000.0,2.63,테슬라
2024-09-09,26.02870679,26.02308352,26.52214865,25.79252949,13480000.0,-0.43,CATL
2024-09-09,35.14262016,35.0723293,35.70213544,34.94580574,7090000.0,-0.64,BYD
2024-09-09,297.76545473517876,289.5666562318322,301.11950866836605,287.70329293561707,300590.0,1.14,LG 에너지 솔루션
2024-09-06,26.2359614,26.25994695,26.59574468,26.15836108,7530000.0,-0.46,CATL
2024-09-06,35.4986173,35.67639257,35.9924375,35.47322084,7810000.0,-0.49,BYD
2024-09-06,210.73,232.6,233.6,210.51,112180000.0,-8.45,테슬라
2024-09-06,8.642018696844028,8.43818092359598,8.691220917972867,8.427637590496941,11520000.0,-0.08,파나소닉
2024-09-06,295.3801055890403,308.092667095404,308.4665659632383,293.51061124986916,416820.0,-3.66,LG 에너지 솔루션
2024-09-05,35.65234557,35.25048998,36.04010096,35.1940892,10010000.0,1.01,BYD
2024-09-05,307.567664886275,307.942747404429,313.56898517673886,300.8161795595031,459930.0,2.63,LG 에너지 솔루션
2024-09-05,26.33916611,26.3885168,26.7269215,26.19816415,12320000.0,-0.19,CATL
2024-09-05,8.578499721137758,8.43558282208589,8.71095928611266,8.414668153931958,8150000.0,0.2,파나소닉
2024-09-05,230.17,223.49,235.0,222.25,119360000.0,4.9,테슬라
2024-09-04,35.19734529,34.51960798,35.41950815,34.51117142,10060000.0,1.31,BYD
2024-09-04,299.6235018824906,299.2485037574812,307.49846250768746,297.37351313243437,371770.0,-2.8,LG 에너지 솔루션
2024-09-04,8.543797397898839,8.515967438948028,8.634244764488972,8.49161622486607,9940000.0,-2.07,파나소닉
2024-09-04,26.31504942,26.05773422,26.57517682,25.9916478,16559999.999999998,0.81,CATL
2024-09-04,219.41,210.59,222.22,210.57,80650000.0,4.18,테슬라
2024-09-03,34.69786123,33.75977756,34.74982095,33.75977756,10180000.0,2.48,BYD
2024-09-03,26.07114269,25.31983317,26.21859596,25.28051229,18200000.0,2.46,CATL
2024-09-03,306.87901798714245,310.98567151251785,312.85233220587025,303.8923608777785,338950.0,-0.24,LG 에너지 솔루션
2024-09-03,210.6,215.26,219.9,209.64,76710000.0,-1.64,테슬라
2024-09-03,8.62033408950299,8.475974427717055,8.634082628720698,8.465663023303774,6700000.0,1.01,파나소닉
2024-09-02,33.87663341,34.84895321,35.18617395,33.86258255,10110000.0,-3.34,BYD
2024-09-02,308.0419894129258,293.0884947812304,311.4065257050573,293.0884947812304,790350.0,6.19,LG 에너지 솔루션
2024-09-02,25.45876071,25.9154138,26.07699874,25.43206407,12990000.0,-1.71,CATL
2024-09-02,8.451327433628318,8.417290673927841,8.471749489448603,8.352620830496937,8340000.0,2.39,파나소닉
2024-08-30,26.0,25.50070522,26.22849083,25.50070522,25430000.0,1.96,CATL
2024-08-30,8.295703338806787,8.189655172413794,8.319649698960044,8.138341543513958,9300000.0,1.85,파나소닉
2024-08-30,35.17912553,33.56558533,35.51339915,33.46403385,19300000.0,6.2,BYD
2024-08-30,290.29748009816245,292.5420482432513,292.91614293409947,285.4342491171365,299800.0,-0.77,LG 에너지 솔루션
2024-08-30,214.11,208.63,214.57,207.03,63370000.0,3.8,테슬라
2024-08-29,206.28,209.8,214.89,205.97,62310000.0,0.26,테슬라
2024-08-29,25.47483515,25.24516711,25.78340754,25.24516711,15670000.0,-1.1,CATL
2024-08-29,293.2705289370256,278.2694788635204,295.5206864480514,277.51942635984517,722900.0,6.11,LG 에너지 솔루션
2024-08-29,33.09051457,32.8763456,33.32300062,32.59031731,7940000.0,-0.84,BYD
2024-08-29,8.211477445164851,8.204579942060974,8.221823699820666,8.111463650158644,4630000.0,0.38,파나소닉
2024-08-28,33.24443821,33.72447189,33.7258755,32.67597726,8900000.0,-1.64,BYD
2024-08-28,275.82748244734205,280.69282474288536,283.6868815401428,274.3304540487133,258690.0,-2.12,LG 에너지 솔루션
2024-08-28,25.66074812,25.65794091,25.78286196,25.4445926,10640000.0,-0.37,CATL
2024-08-28,8.203638375873279,8.092965345507366,8.203638375873279,8.079131216711628,4090000.0,0.47,파나소닉
2024-08-28,205.75,209.72,211.84,202.59,64120000.00000001,-1.65,테슬라
2024-08-27,209.21,213.25,215.66,206.94,62820000.0,-1.88,테슬라
2024-08-27,33.79933749,33.33754421,33.86671158,33.19577789,5090000.0,0.58,BYD
2024-08-27,8.200764154220217,8.19729072594651,8.238971865230983,8.1347690170198,4430000.0,0.51,파나소닉
2024-08-27,283.9859100748999,285.4944673661344,288.88872127141207,280.2145168468136,339990.0,-0.4,LG 에너지 솔루션
2024-08-27,25.75655494,25.61899949,25.89551401,25.47582954,9980000.0,-0.23,CATL
2024-08-26,8.126902850816496,8.164959867146415,8.164959867146415,8.09230556324384,5290000.0,-1.22,파나소닉
2024-08-26,25.82710779,25.54344773,25.91698028,25.41706454,14840000.0,1.17,CATL
2024-08-26,213.21,218.75,219.09,211.01,59300000.0,-3.23,테슬라
2024-08-26,33.61933382,33.63197214,34.12346234,33.38061001,5650000.0,0.03,BYD
2024-08-26,284.7500527314912,275.33371500888904,284.7500527314912,272.3204869376563,510240.0,5.29,LG 에너지 솔루션
2024-08-23,220.32,214.46,221.48,214.21,81530000.0,4.59,테슬라
2024-08-23,271.2648194464384,271.6426256016563,276.5541056194887,269.7535948255669,231070.0,-1.1,LG 에너지 솔루션
2024-08-23,25.51793835,24.84419741,25.61899949,24.84419741,18420000.0,1.68,CATL
2024-08-23,8.235783057421902,8.142273325483133,8.235783057421902,8.128420031862575,6550000.0,1.23,파나소닉
2024-08-23,33.59440795,33.65897479,33.86951884,33.42737634,4980000.0,-0.49,BYD
2024-08-22,210.66,223.82,224.8,210.32,79510000.0,-5.65,테슬라
2024-08-22,33.66741321,33.73460246,33.98236282,33.54143337,6250000.0,-0.2,BYD
2024-08-22,270.6349857226998,262.0611500868567,271.38053664755574,259.82449731228894,473860.0,3.71,LG 에너지 솔루션
2024-08-22,25.02799552,24.49328108,25.19176932,24.3980963,19900000.0,2.75,CATL
2024-08-22,8.030220155886777,7.927663065773281,8.030220155886777,7.913988787091482,5860000.0,1.25,파나소닉
2024-08-21,223.27,222.67,224.66,218.86,70150000.0,0.98,테슬라
2024-08-21,262.6129235571296,249.8574386986404,264.8638914733335,249.10711605990576,488080.0,6.06,LG 에너지 솔루션
2024-08-21,24.39027809,24.38887643,24.58651043,24.10854452,11150000.0,-0.49,CATL
2024-08-21,7.98568084813438,7.909954564229658,7.999449263389784,7.847996695580339,4470000.0,0.04,파나소닉
2024-08-21,33.77999551,32.89134335,34.078549,32.51850191,11100000.0,1.91,BYD
2024-08-20,7.982788296041308,7.986230636833047,7.993115318416523,7.896729776247849,5530000.0,1.49,파나소닉
2024-08-20,33.15759955,33.09029725,33.27678071,32.72994952,6250000.0,0.45,BYD
2024-08-20,248.58008044955332,250.83989936273107,251.59317233379033,246.32026153637557,103190.0,0.15,LG 에너지 솔루션
2024-08-20,221.1,224.88,228.22,219.56,74000000.0,-0.73,테슬라
2024-08-20,24.51906898,24.53729669,24.67750981,24.3494111,8440000.0,-0.42,CATL
2024-08-19,24.59624893,24.28109198,24.92401216,24.25307803,14040000.0,1.14,CATL
2024-08-19,222.72,217.07,222.98,214.09,76440000.0,3.05,테슬라
2024-08-19,7.794910281776626,7.79149894248482,7.880193764071775,7.74032885310773,6640000.0,0.04,파나소닉
2024-08-19,247.43924784476283,252.69592382325553,252.69592382325553,246.31281727794297,125600.0,-2.08,LG 에너지 솔루션
2024-08-19,32.97522166,32.9514098,33.47386999,32.91779306,7020000.0,0.13,BYD
2024-08-16,24.23371113,24.20300374,24.56590922,24.13042265,11150000.0,0.13,CATL
2024-08-16,216.12,211.15,219.8,210.8,88770000.0,0.92,테슬라
2024-08-16,249.42369413909913,254.61229996071486,255.35352936380283,248.68246473601116,150840.0,-0.15,LG 에너지 솔루션
2024-08-16,32.81642566,32.39768857,33.26447435,32.17296633,10220000.0,1.56,BYD
2024-08-16,7.738175904594118,7.758503862311966,7.76866784117089,7.629760130098929,8840000.0,2.47,파나소닉
2024-08-15,24.1726378,23.97747233,24.33992249,23.87849555,14480000.0,0.69,CATL
2024-08-15,7.46633616935754,7.362497487773832,7.516580692704495,7.315602599316674,8950000.0,1.92,파나소닉
2024-08-15,32.27061087,31.58474364,32.41140882,31.34915103,8850000.0,2.16,BYD
2024-08-15,214.14,205.02,215.88,204.82,89850000.0,6.34,테슬라
2024-08-14,24.12512958,24.23440083,24.43893419,24.05648483,9970000.0,-0.9,CATL
2024-08-14,248.52507374631267,246.3126843657817,252.21238938053096,244.8377581120944,195830.0,2.28,LG 에너지 솔루션
2024-08-14,7.423121308804562,7.3518430520670695,7.487611160138483,7.297535808838504,8440000.0,2.53,파나소닉
2024-08-14,201.38,207.39,208.44,198.75,70250000.0,-3.1,테슬라
2024-08-14,31.74469754,32.02488022,32.02488022,31.54856967,5630000.0,-0.93,BYD
2024-08-13,242.02848517345984,239.09035485268947,243.49755033384506,236.5194908220154,126830.0,0.3,LG 에너지 솔루션
2024-08-13,207.83,198.47,208.49,197.06,76250000.0,5.24,테슬라
2024-08-13,7.263996730690642,7.182263996730691,7.267402261272307,7.14480316033238,9380000.0,0.76,파나소닉
2024-08-13,24.2875711,23.6041425,24.45248843,23.53286467,19390000.0,2.83,CATL
2024-08-13,31.96740786,32.1952174,32.19941021,31.58586183,6040000.0,-0.72,BYD
2024-08-12,239.97720764420546,234.49827596283092,241.07299398048036,234.49827596283092,143670.0,2.02,LG 에너지 솔루션
2024-08-12,23.55597681,23.77481044,23.8514719,23.24933095,17420000.0,-0.59,CATL
2024-08-12,197.49,199.02,199.26,194.67,64050000.0,-1.25,테슬라
2024-08-12,32.11418376,32.33859277,32.5448818,31.98873773,5380000.0,-0.53,BYD
2024-08-09,7.219834936225359,7.264170247595661,7.37671373030489,7.120933087783916,11200000.0,1.34,파나소닉
2024-08-09,23.72313704,24.22550935,24.40273514,23.72313704,15410000.0,-1.39,CATL
2024-08-09,200.0,197.05,200.88,195.11,58650000.0,0.58,테슬라
2024-08-09,32.32207647,31.82528607,32.91655038,31.82249512,11990000.0,2.28,BYD
2024-08-09,236.03750210747768,236.77053782830836,241.16875215329242,232.3723235033243,258829.99999999997,0.31,LG 에너지 솔루션
2024-08-08,198.84,195.7,200.7,192.04,65030000.0,3.69,테슬라
2024-08-08,233.72141281317576,236.2697771273381,236.99788121709878,226.44037191556905,422530.0,-1.08,LG 에너지 솔루션
2024-08-08,24.02887926,24.11390023,24.19613364,23.71109593,14660000.0,-0.73,CATL
2024-08-08,7.091933731667572,7.112303096143401,7.231124388919065,7.003666485605649,9670000.0,-0.9,파나소닉
2024-08-08,31.56229529,31.75045647,31.75045647,31.15112827,8540000.0,-1.09,BYD
2024-08-07,31.90496098,31.91750279,32.19063545,31.55936455,8199999.999999999,0.0,BYD
2024-08-07,7.185220533097008,6.885268252777967,7.36246506237644,6.808916763242212,14300000.0,0.57,파나소닉
2024-08-07,191.76,200.77,203.49,191.48,71160000.0,-4.43,테슬라
2024-08-07,236.09100234999673,241.91142767757754,246.27674667326315,234.6358960181015,288000.0,-3.71,LG 에너지 솔루션
2024-08-07,24.20150502,24.37987737,24.55824972,24.20150502,12750000.0,-0.73,CATL
2024-08-06,245.17649797747578,241.17510112621133,248.81413147862526,238.6287576754067,369580.0,4.66,LG 에너지 솔루션
2024-08-06,31.9913922,32.6984615,32.78509844,31.57777064,12910000.0,-0.97,BYD
2024-08-06,200.64,200.75,202.9,192.67,73780000.0,0.88,테슬라
2024-08-06,7.2626472626472625,7.394317394317394,7.58142758142758,7.124047124047124,16230000.0,5.69,파나소닉
2024-08-06,24.44699076,24.93048084,25.06742311,24.27371686,15770000.0,-1.16,CATL
2024-08-05,198.88,185.22,203.88,182.0,100310000.0,-4.23,테슬라
2024-08-05,6.877991260317681,7.342026773947424,7.397516820420337,6.845390858014844,20740000.0,-12.83,파나소닉
2024-08-05,32.42356241,32.37587658,33.19354839,32.25946704,10530000.0,-1.53,BYD
2024-08-05,235.655737704918,243.34016393442622,248.82903981264636,227.60538641686182,404860.0,-4.17,LG 에너지 솔루션
2024-08-05,24.82468443,24.54558205,25.27208976,24.54417952,19350000.0,-0.05,CATL
2024-08-02,247.6725415183211,240.30133492551394,248.7782225072422,238.8270936069525,200330.0,0.75,LG 에너지 솔루션
2024-08-02,7.762385696738092,7.6804967926845915,7.864746826804969,7.537191210590965,17020000.0,-1.22,파나소닉
2024-08-02,207.67,214.88,216.13,205.78,82880000.0,-4.24,테슬라
2024-08-02,32.79050279,33.79748603,33.83519553,32.76536313,14570000.0,-3.86,BYD
2024-08-02,24.73324022,25.0,25.1396648,24.68435754,15490000.0,-1.78,CATL
2024-08-01,243.5942384667076,237.38568966020978,246.15069973997137,235.1944371402694,219120.0,2.93,LG 에너지 솔루션
2024-08-01,24.88922019,25.53802405,25.67606742,24.86161152,23010000.0,-3.23,CATL
2024-08-01,216.86,227.69,231.87,214.33,83860000.0,-6.55,테슬라
2024-08-01,7.709560792715585,7.8334226031065874,7.840117836100696,7.532137118371718,23390000.0,-7.58,파나소닉
2024-08-01,33.71019174,34.23475656,34.33690866,33.13040957,10360000.0,-1.15,BYD
2024-07-31,25.80721123,25.21020043,25.88616625,25.21020043,19900000.0,0.77,CATL
2024-07-31,8.30777436991599,8.044405920789439,8.31444192559008,8.037738365115349,12210000.0,3.32,파나소닉
2024-07-31,232.07,227.9,234.68,226.79,67500000.0,4.24,테슬라
2024-07-31,34.22076933,33.60575125,34.35513138,33.60021055,8750000.0,1.29,BYD
2024-07-31,236.65527215356298,243.959447220031,244.68986472667777,235.9248546469162,179900.0,-2.7,LG 에너지 솔루션
2024-07-30,33.63765498,34.14516418,34.17412531,33.32184082,11040000.0,-2.08,BYD
2024-07-30,222.62,232.25,232.41,220.0,100560000.0,-4.08,테슬라
2024-07-30,240.81399469196782,235.7518386473919,247.32248103499398,235.7518386473919,163950.0,1.06,LG 에너지 솔루션
2024-07-30,7.894736842105264,7.855459544383347,7.979837653836083,7.8423671118093745,12320000.0,0.12,파나소닉
2024-07-30,25.49820027,25.26789039,25.55888072,25.26789039,12730000.0,0.2,CATL
2024-07-29,25.41840572,25.75864016,25.75864016,24.79441299,21360000.0,-2.55,CATL
2024-07-29,238.66953504711822,234.3235040599173,241.2047197896521,232.87482706418365,95000.0,1.38,LG 에너지 솔루션
2024-07-29,34.31271265,34.84028266,34.84992493,33.96559086,7890000.0,-2.29,BYD
2024-07-29,232.1,224.9,234.27,224.7,129199999.99999999,5.6,테슬라
2024-07-29,7.820920719433803,7.908577365106162,7.918316992403091,7.785208752678398,12520000.0,-0.17,파나소닉
2024-07-26,219.8,221.19,222.28,215.33,94600000.0,-0.2,테슬라
2024-07-26,35.16454718,34.89145127,35.53419216,34.64042371,12480000.0,1.82,BYD
2024-07-26,7.848685922456414,7.884465261514442,7.923497267759563,7.786885245901639,9950000.0,-0.33,파나소닉
2024-07-26,26.11652092,26.20617362,26.66133348,25.93721553,23350000.0,0.86,CATL
2024-07-26,234.87410747839158,239.9329344086954,241.37831353163935,233.06738357471164,160850.0,-2.26,LG 에너지 솔루션
2024-07-25,240.55504912387318,227.89425706472196,247.78978744338818,226.44730940081897,405910.0,3.42,LG 에너지 솔루션
2024-07-25,220.25,216.8,226.0,216.23,100640000.0,1.97,테슬라
2024-07-25,25.96183101,25.73917854,26.37671138,25.59258747,20600000.0,0.76,CATL
2024-07-25,7.863964139543948,7.925680504125252,7.9841486389917495,7.815240693821867,10720000.0,-2.38,파나소닉
2024-07-25,34.62729913,34.56921588,35.20121698,34.22763103,10110000.0,0.16,BYD
2024-07-24,34.42203098,34.86815835,35.13253012,34.21549053,11860000.0,-1.28,BYD
2024-07-24,25.65507745,25.61101549,26.03648881,25.52702238,14470000.0,0.06,CATL
2024-07-24,232.60525116302625,234.41400117207,238.755001193775,231.5200011576,156640.0,-1.38,LG 에너지 솔루션
2024-07-24,215.99,225.42,225.99,214.71,167940000.0,-12.33,테슬라
2024-07-24,8.05875089361149,8.188730746734256,8.201728732046533,8.05875089361149,10160000.0,-2.44,파나소닉
2024-07-23,246.38,253.6,255.76,245.63,111930000.0,-2.04,테슬라
2024-07-23,25.59520537,25.98147028,26.07631825,25.59520537,11900000.0,-1.75,CATL
2024-07-23,235.4487610050629,238.6988205894886,240.86552697910574,234.00429007865145,150850.0,-0.76,LG 에너지 솔루션
2024-07-23,34.80920438,36.42574366,36.48347721,34.77758839,16739999.999999998,-4.66,BYD
2024-07-23,8.169430518061446,8.134078930453786,8.24013369327677,8.098727342846123,8910000.0,-0.04,파나소닉
2024-07-22,26.0558733,26.28547074,26.69654641,25.76440827,17170000.0,0.04,CATL
2024-07-22,236.84381286094347,247.29810597048285,247.29810597048285,236.4833199950973,263250.0,-4.92,LG 에너지 솔루션
2024-07-22,36.51699296,36.30939287,37.13429388,36.30939287,10070000.0,0.59,BYD
2024-07-22,8.098726114649681,8.280254777070065,8.28343949044586,8.089171974522293,8680000.0,-1.62,파나소닉
2024-07-22,251.51,244.21,253.21,243.75,101230000.0,5.15,테슬라
2024-07-19,239.2,247.79,249.44,236.83,87400000.0,-4.02,테슬라
2024-07-19,36.32436894,35.83465163,36.59123736,35.73010523,13620000.0,1.01,BYD
2024-07-19,8.206870277477934,8.330687662708742,8.34973649120579,8.140199377738268,11390000.0,-1.93,파나소닉
2024-07-19,248.7777129731637,241.217174662836,250.2178155084642,241.217174662836,236820.0,3.13,LG 에너지 솔루션
2024-07-19,26.05956393,25.63450031,26.14897861,25.61386615,20850000.0,0.58,CATL
2024-07-18,25.94352617,24.79338843,26.04683196,24.74931129,31990000.0,4.12,CATL
2024-07-18,241.96810354790244,240.52351785507915,247.38529989598982,239.4400785854617,197080.0,-0.45,LG 에너지 솔루션
2024-07-18,249.23,251.09,257.14,247.2,110870000.0,0.29,테슬라
2024-07-18,8.375166804346444,8.387875706932705,8.45459744551058,8.34339454788079,7520000.0,-1.16,파나소닉
2024-07-18,36.00964187,35.52341598,36.21212121,35.46969697,9530000.0,0.74,BYD
2024-07-17,24.91357583,24.51554258,25.15735397,24.23182338,18590000.0,0.89,CATL
2024-07-17,248.5,252.73,258.47,246.18,115590000.0,-3.14,테슬라
2024-07-17,35.74173289,35.67149173,36.0185657,35.34369964,10520000.0,0.2,BYD
2024-07-17,244.10414142806363,250.9956402202378,252.44648207122182,243.3787205025716,259680.0,-2.89,LG 에너지 솔루션
2024-07-17,8.539318647540984,8.433657786885247,8.539318647540984,8.424052254098362,7860000.0,2.11,파나소닉
2024-07-16,8.248073765315144,8.428066186686877,8.440697233800682,8.191234053303019,11920000.0,-2.54,파나소닉
2024-07-16,35.631836,35.85471555,36.0734677,35.26862489,11760000.0,-1.04,BYD
2024-07-16,256.56,255.31,258.62,245.8,126330000.0,1.55,테슬라
2024-07-16,24.66808833,24.42044438,24.83318429,24.39292839,15150000.0,0.66,CATL
2024-07-16,250.58397275034895,259.6237986071436,260.3469846756872,248.05282151044642,302290.0,-3.35,LG 에너지 솔루션
2024-07-15,258.99997832636166,269.4755701973023,269.83679750319686,258.2775237145726,243470.0,-3.89,LG 에너지 솔루션
2024-07-15,36.05218206,36.13345823,36.4778488,35.90065021,9870000.0,-0.35,BYD
2024-07-15,24.53713908,24.5619352,24.78923297,24.39800529,11470000.0,-0.93,CATL
2024-07-15,252.64,255.97,265.6,251.73,146910000.0,1.78,테슬라
2024-07-12,248.23,235.8,251.84,233.09,155960000.0,2.99,테슬라
2024-07-12,24.8,24.53103448,25.07172414,24.4137931,19550000.0,1.58,CATL
2024-07-12,36.22344828,34.96827586,36.4137931,34.74344828,18890000.0,3.78,BYD
2024-07-12,271.5353760364571,270.0794222775485,272.9913297953657,268.2594800789127,181630.0,-0.53,LG 에너지 솔루션
2024-07-12,8.486921274304896,8.429919564253595,8.543922984356199,8.420419279245046,7000000.0,-1.03,파나소닉
2024-07-11,273.5309564101068,265.8720896306238,273.5309564101068,260.7661784443018,515150.0,3.59,LG 에너지 솔루션
2024-07-11,34.86827601,35.13558201,35.30919312,34.67813051,10040000.0,0.22,BYD
2024-07-11,241.03,263.3,271.0,239.65,221710000.0,-8.44,테슬라
2024-07-11,24.38960538,24.11265432,24.66104497,23.90459656,20810000.0,2.29,CATL
2024-07-11,8.526448362720403,8.34382871536524,8.551637279596976,8.337531486146094,10850000.0,2.93,파나소닉
2024-07-10,34.70361055,34.70223615,35.25749392,34.56617051,10930000.0,-0.04,BYD
2024-07-10,8.13694562998701,8.133852910249274,8.14003834972475,8.05653491680584,8900000.0,-0.27,파나소닉
2024-07-10,263.26,262.8,267.59,257.86,128520000.00000001,0.35,테슬라
2024-07-10,261.78578401949653,262.5089491687217,265.4016097656222,260.70103629565887,171370.0,-0.28,LG 에너지 솔루션
2024-07-10,23.78399923,24.05338171,24.75157712,23.78399923,17770000.0,-1.55,CATL
2024-07-09,262.33,251.0,265.61,250.3,160740000.0,3.71,테슬라
2024-07-09,262.4880687241489,259.5956382147919,267.5498221155237,258.8725305874526,272840.0,1.26,LG 에너지 솔루션
2024-07-09,8.176802430103526,8.170603186411258,8.195400161180336,8.093112640257889,8460000.0,-0.57,파나소닉
2024-07-09,24.16913029,24.10450327,24.37951186,23.80061877,16440000.000000002,-0.08,CATL
2024-07-09,34.73358542,33.71605363,34.85871433,33.20866277,14080000.0,3.11,BYD
2024-07-08,24.20235819,24.21611656,24.54081422,24.07853281,10810000.0,-0.96,CATL
2024-07-08,252.94,247.71,259.44,244.57,157220000.0,0.56,테슬라
2024-07-08,259.1684920514433,258.80702971943293,263.1445777035575,254.83094406731874,227670.0,0.28,LG 에너지 솔루션
2024-07-08,33.70664392,33.26775174,34.15103945,33.18244982,10540000.0,1.22,BYD
2024-07-08,8.248865120328338,8.239537342205086,8.264411417200423,8.168024376593495,5230000.0,-0.11,파나소닉
2024-07-05,8.262817322050772,8.297038327526133,8.349925335988054,8.241040318566451,6940000.0,0.26,파나소닉
2024-07-05,259.70346586079893,260.7931307525226,262.60923890539533,255.70802792447898,206520.0,-0.42,LG 에너지 솔루션
2024-07-05,33.3007705,33.45762245,33.6406164,32.86736379,9570000.0,-1.06,BYD
2024-07-05,24.43863511,24.9036874,25.10869565,24.28453495,13520000.0,-1.1,CATL
2024-07-05,251.52,249.81,252.37,242.46,154500000.0,2.08,테슬라
2024-07-04,260.1034617669647,263.72607265508395,265.89963918795553,257.5676341452812,224990.0,0.28,LG 에너지 솔루션
2024-07-04,8.213953488372093,8.14263565891473,8.241860465116279,8.096124031007752,8430000.0,1.49,파나소닉
2024-07-04,33.66406121,33.71497771,34.36037871,33.64617163,9920000.0,0.63,BYD
2024-07-04,24.71514284,24.82385644,25.18164804,24.66009798,11830000.0,0.06,CATL
2024-07-03,8.071499257793171,8.077684314695695,8.083869371598219,8.003463631865413,9760000.0,-1.36,파나소닉
2024-07-03,258.14825497548316,259.59042399769254,266.4407268531872,254.54283241995964,711950.0,4.22,LG 에너지 솔루션
2024-07-03,246.39,234.56,248.35,234.25,166560000.0,6.54,테슬라
2024-07-03,24.69084857,24.34696488,25.10350899,24.25205299,16210000.0,1.94,CATL
2024-07-03,33.43924951,33.5575455,33.75287143,33.01283374,9660000.0,-0.36,BYD
2024-07-02,24.21608538,23.90939597,24.33711079,23.67009572,14420000.0,0.01,CATL
2024-07-02,247.83013354689294,254.68424204382302,261.1776079882831,246.3871633370129,350150.0,-1.01,LG 에너지 솔루션
2024-07-02,231.26,218.89,231.3,218.06,205050000.0,10.2,테슬라
2024-07-02,33.55292111,33.95175487,34.06590384,33.42639454,10260000.0,-1.15,BYD
2024-07-02,8.194995044598613,8.160926660059465,8.213577799801785,8.117566897918731,7950000.0,0.38,파나소닉
2024-07-01,250.99457504520797,237.251356238698,252.07956600361663,235.44303797468353,304450.0,6.28,LG 에너지 솔루션
2024-07-01,8.163518117064108,8.259523072158563,8.262620006193869,8.141839578816972,7920000.0,0.08,파나소닉
2024-07-01,209.86,201.02,213.23,200.85,135690000.0,6.05,테슬라
2024-07-01,24.22437159,24.6536329,24.66601544,23.55021119,27000000.0,-2.2,CATL
2024-07-01,33.95567051,34.43033447,34.65046847,33.36406037,12930000.0,-1.38,BYD
